uid,namedLocation,domainID,siteID,plotID,trapID,weighDate,setDate,collectDate,eventID,ovenStartDate,ovenEndDate,fieldSampleID,sampleCondition,massSampleID,samplingProtocolVersion,biogeoSample,functionalGroup,dryMass,qaDryMass,remarks,measuredBy
"98087771-6f8e-4ab6-b4f9-c5eed6e43123","BART_036.basePlot.ltr","D01","BART","BART_036","BART_036_151","2020-11-20","2020-10-18","2020-11-04","LTR.2020.BART.10","2020-11-12T22:51Z","2020-11-19T20:22Z","NEON.LTR.BART036151.20201104","OK","NEON.LTR.BART036151.20201104.OTH","NEON.DOC.001710vH","Y","Other",0.1000,"N",,
"245ebe91-9934-4446-b56c-440af171d908","BART_071.basePlot.ltr","D01","BART","BART_071","BART_071_165","2020-11-20","2020-10-18","2020-11-04","LTR.2020.BART.10","2020-11-12T22:51Z","2020-11-19T16:00Z","NEON.LTR.BART071165.20201104","OK","NEON.LTR.BART071165.20201104.OTH","NEON.DOC.001710vH","Y","Other",0.1900,"N",,
"231311e2-69d3-4064-9335-0330534e6217","BART_037.basePlot.ltr","D01","BART","BART_037","BART_037_884","2020-11-20","2020-10-18","2020-11-04","LTR.2020.BART.10","2020-11-12T22:51Z","2020-11-19T20:00Z","NEON.LTR.BART037884.20201104","OK","NEON.LTR.BART037884.20201104.MXT","NEON.DOC.001710vH","Y","Mixed",0.0000,"N",,
"95aa48d5-0c92-4947-8878-1e0d39a0dadc","BART_071.basePlot.ltr","D01","BART","BART_071","BART_071_579","2020-11-20","2020-10-18","2020-11-04","LTR.2020.BART.10","2020-11-12T22:51Z","2020-11-19T13:28Z","NEON.LTR.BART071579.20201104","OK","NEON.LTR.BART071579.20201104.TWI","NEON.DOC.001710vH","Y","Twigs/branches",0.0100,"N",,
"1865d179-14fd-405d-9198-3b40479f55b1","BART_034.basePlot.ltr","D01","BART","BART_034","BART_034_084","2020-11-20","2020-10-18","2020-11-04","LTR.2020.BART.10","2020-11-12T22:51Z","2020-11-19T18:55Z","NEON.LTR.BART034084.20201104","OK","NEON.LTR.BART034084.20201104.LVS","NEON.DOC.001710vH","Y","Leaves",30.0300,"N",,
"600d3019-1da8-4d5a-a84c-5d2ba171fbca","BART_032.basePlot.ltr","D01","BART","BART_032","BART_032_293","2020-11-20","2020-10-18","2020-11-04","LTR.2020.BART.10","2020-11-12T22:51Z","2020-11-19T19:08Z","NEON.LTR.BART032293.20201104","OK","NEON.LTR.BART032293.20201104.FLR","NEON.DOC.001710vH","Y","Flowers",0.0000,"N",,
"0b484ac2-53c2-4fcd-96ac-cc5398ac9c79","BART_034.basePlot.ltr","D01","BART","BART_034","BART_034_855","2020-11-20","2020-10-18","2020-11-04","LTR.2020.BART.10","2020-11-12T22:51Z","2020-11-19T20:10Z","NEON.LTR.BART034855.20201104","OK","NEON.LTR.BART034855.20201104.MXT","NEON.DOC.001710vH","Y","Mixed",1.6300,"N",,
"04a59e3e-ebd7-406a-a358-0b3a5ddcf8c2","BART_037.basePlot.ltr","D01","BART","BART_037","BART_037_884","2020-11-20","2020-10-18","2020-11-04","LTR.2020.BART.10","2020-11-12T22:51Z","2020-11-19T20:00Z","NEON.LTR.BART037884.20201104","OK","NEON.LTR.BART037884.20201104.NDL","NEON.DOC.001710vH","Y","Needles",0.2900,"N",,
"425137a0-fdc6-4d5d-bc9d-d3584b0da119","BART_041.basePlot.ltr","D01","BART","BART_041","BART_041_578","2020-11-20","2020-10-18","2020-11-04","LTR.2020.BART.10","2020-11-12T22:51Z","2020-11-19T19:18Z","NEON.LTR.BART041578.20201104","OK","NEON.LTR.BART041578.20201104.MXT","NEON.DOC.001710vH","Y","Mixed",0.2100,"N",,
"62266f45-92fb-4306-ae8b-c14ee3693c9b","BART_034.basePlot.ltr","D01","BART","BART_034","BART_034_855","2020-11-20","2020-10-18","2020-11-04","LTR.2020.BART.10","2020-11-12T22:51Z","2020-11-19T20:10Z","NEON.LTR.BART034855.20201104","OK","NEON.LTR.BART034855.20201104.LVS","NEON.DOC.001710vH","Y","Leaves",43.7000,"N",,
"b8f00130-4549-4409-94ce-40516ed8f5ec","BART_070.basePlot.ltr","D01","BART","BART_070","BART_070_553","2020-11-20","2020-10-18","2020-11-04","LTR.2020.BART.10","2020-11-12T22:51Z","2020-11-19T14:25Z","NEON.LTR.BART070553.20201104","OK","NEON.LTR.BART070553.20201104.WDY","NEON.DOC.001710vH","Y","Woody material",0.1200,"N",,
"2bc01dc1-8379-48f9-895f-7e6963e1dd5a","BART_037.basePlot.ltr","D01","BART","BART_037","BART_037_158","2020-11-20","2020-10-18","2020-11-04","LTR.2020.BART.10","2020-11-12T22:51Z","2020-11-19T20:34Z","NEON.LTR.BART037158.20201104","OK","NEON.LTR.BART037158.20201104.NDL","NEON.DOC.001710vH","Y","Needles",0.0050,"N",,
"ac7b5f61-8ff0-42db-afc8-22d20a0073b3","BART_040.basePlot.ltr","D01","BART","BART_040","BART_040_158","2020-11-20","2020-10-18","2020-11-04","LTR.2020.BART.10","2020-11-12T22:51Z","2020-11-19T16:13Z","NEON.LTR.BART040158.20201104","OK","NEON.LTR.BART040158.20201104.OTH","NEON.DOC.001710vH","Y","Other",0.0900,"N",,
"ffafb3c3-7ddd-4df0-abc7-a6969ea7b42a","BART_033.basePlot.ltr","D01","BART","BART_033","BART_033_923","2020-11-20","2020-10-18","2020-11-04","LTR.2020.BART.10","2020-11-12T22:51Z","2020-11-19T13:28Z","NEON.LTR.BART033923.20201104","OK","NEON.LTR.BART033923.20201104.TWI","NEON.DOC.001710vH","Y","Twigs/branches",0.0000,"N",,
"fdbf60be-bd5d-45ed-a28f-0cd602c60f1a","BART_037.basePlot.ltr","D01","BART","BART_037","BART_037_158","2020-11-20","2020-10-18","2020-11-04","LTR.2020.BART.10","2020-11-12T22:51Z","2020-11-19T13:28Z","NEON.LTR.BART037158.20201104","OK","NEON.LTR.BART037158.20201104.WDY","NEON.DOC.001710vH","Y","Woody material",0.0000,"N",,
"668b138e-b4ac-474d-887f-ca3251db1645","BART_070.basePlot.ltr","D01","BART","BART_070","BART_070_553","2020-11-20","2020-10-18","2020-11-04","LTR.2020.BART.10","2020-11-12T22:51Z","2020-11-19T16:45Z","NEON.LTR.BART070553.20201104","OK","NEON.LTR.BART070553.20201104.MXT","NEON.DOC.001710vH","Y","Mixed",0.3900,"N",,
"60fbe881-d79f-4e9f-8dbf-98a61e6e1013","BART_071.basePlot.ltr","D01","BART","BART_071","BART_071_165","2020-11-20","2020-10-18","2020-11-04","LTR.2020.BART.10","2020-11-12T22:51Z","2020-11-19T16:00Z","NEON.LTR.BART071165.20201104","OK","NEON.LTR.BART071165.20201104.MXT","NEON.DOC.001710vH","Y","Mixed",0.0000,"N",,
"5a8e75ff-68e8-497a-9fcc-68095280b624","BART_071.basePlot.ltr","D01","BART","BART_071","BART_071_579","2020-11-20","2020-10-18","2020-11-04","LTR.2020.BART.10","2020-11-12T22:51Z","2020-11-19T13:28Z","NEON.LTR.BART071579.20201104","OK","NEON.LTR.BART071579.20201104.WDY","NEON.DOC.001710vH","Y","Woody material",0.0700,"N",,
"a10c9e98-bbf4-4204-8cab-a6d1a15af11b","BART_041.basePlot.ltr","D01","BART","BART_041","BART_041_292","2020-11-20","2020-10-18","2020-11-04","LTR.2020.BART.10","2020-11-12T22:51Z","2020-11-19T20:44Z","NEON.LTR.BART041292.20201104","OK","NEON.LTR.BART041292.20201104.FLR","NEON.DOC.001710vH","Y","Flowers",0.0050,"N",,
"2a779983-c4cb-4507-b704-ddc4a4e56b02","BART_041.basePlot.ltr","D01","BART","BART_041","BART_041_292","2020-11-20","2020-10-18","2020-11-04","LTR.2020.BART.10","2020-11-12T22:51Z","2020-11-19T20:44Z","NEON.LTR.BART041292.20201104","OK","NEON.LTR.BART041292.20201104.OTH","NEON.DOC.001710vH","Y","Other",0.0000,"N",,
"69e7931f-1975-4bef-84dd-e9457b012b2a","BART_071.basePlot.ltr","D01","BART","BART_071","BART_071_579","2020-11-20","2020-10-18","2020-11-04","LTR.2020.BART.10","2020-11-12T22:51Z","2020-11-19T19:43Z","NEON.LTR.BART071579.20201104","OK","NEON.LTR.BART071579.20201104.MXT","NEON.DOC.001710vH","Y","Mixed",0.1000,"N",,
"0163c5b3-fbed-4633-974a-068913e061ff","BART_070.basePlot.ltr","D01","BART","BART_070","BART_070_553","2020-11-20","2020-10-18","2020-11-04","LTR.2020.BART.10","2020-11-12T22:51Z","2020-11-19T16:45Z","NEON.LTR.BART070553.20201104","OK","NEON.LTR.BART070553.20201104.FLR","NEON.DOC.001710vH","Y","Flowers",0.0050,"N",,
"6f63f500-1b72-4f3f-84f1-9208e6f65364","BART_036.basePlot.ltr","D01","BART","BART_036","BART_036_925","2020-11-20","2020-10-18","2020-11-04","LTR.2020.BART.10","2020-11-12T22:51Z","2020-11-19T17:24Z","NEON.LTR.BART036925.20201104","OK","NEON.LTR.BART036925.20201104.FLR","NEON.DOC.001710vH","Y","Flowers",0.0050,"N",,
"5b5aa97e-8b33-49e0-92da-508b15680a88","BART_071.basePlot.ltr","D01","BART","BART_071","BART_071_579","2020-11-20","2020-10-18","2020-11-04","LTR.2020.BART.10","2020-11-12T22:51Z","2020-11-19T19:43Z","NEON.LTR.BART071579.20201104","OK","NEON.LTR.BART071579.20201104.SDS","NEON.DOC.001710vH","Y","Seeds",0.0100,"N",,
"a50e1574-7331-47de-8969-c02e479dcbb6","BART_033.basePlot.ltr","D01","BART","BART_033","BART_033_453","2020-11-20","2020-10-18","2020-11-04","LTR.2020.BART.10","2020-11-12T22:51Z","2020-11-19T18:58Z","NEON.LTR.BART033453.20201104","OK","NEON.LTR.BART033453.20201104.OTH","NEON.DOC.001710vH","Y","Other",0.0200,"N",,
"55df3852-6b7e-4347-a79b-573096e81680","BART_070.basePlot.ltr","D01","BART","BART_070","BART_070_553","2020-11-21","2020-10-18","2020-11-04","LTR.2020.BART.10","2020-11-12T22:51Z","2020-11-20T19:28Z","NEON.LTR.BART070553.20201104","OK","NEON.LTR.BART070553.20201104.LVS","NEON.DOC.001710vH","Y","Leaves",6.6200,"Y",,
"443c7de9-5510-4924-a86c-0b4daa9c2573","BART_041.basePlot.ltr","D01","BART","BART_041","BART_041_578","2020-11-21","2020-10-18","2020-11-04","LTR.2020.BART.10","2020-11-12T22:51Z","2020-11-20T19:31Z","NEON.LTR.BART041578.20201104","OK","NEON.LTR.BART041578.20201104.LVS","NEON.DOC.001710vH","Y","Leaves",15.8500,"Y",,
"c9efb8db-e93d-404b-a0e1-d68704c89f8e","BART_032.basePlot.ltr","D01","BART","BART_032","BART_032_293","2020-11-20","2020-10-18","2020-11-04","LTR.2020.BART.10","2020-11-12T22:51Z","2020-11-19T19:08Z","NEON.LTR.BART032293.20201104","OK","NEON.LTR.BART032293.20201104.MXT","NEON.DOC.001710vH","Y","Mixed",0.0000,"N",,
"7a74d305-175c-4701-9c39-a61b27647a67","BART_034.basePlot.ltr","D01","BART","BART_034","BART_034_855","2020-11-20","2020-10-18","2020-11-04","LTR.2020.BART.10","2020-11-12T22:51Z","2020-11-19T20:10Z","NEON.LTR.BART034855.20201104","OK","NEON.LTR.BART034855.20201104.FLR","NEON.DOC.001710vH","Y","Flowers",0.0100,"N",,
"7b92713b-79aa-4d46-8f42-8d9db7dc2361","BART_037.basePlot.ltr","D01","BART","BART_037","BART_037_158","2020-11-20","2020-10-18","2020-11-04","LTR.2020.BART.10","2020-11-12T22:51Z","2020-11-19T20:34Z","NEON.LTR.BART037158.20201104","OK","NEON.LTR.BART037158.20201104.MXT","NEON.DOC.001710vH","Y","Mixed",0.3900,"N",,
"3ec1d479-81c1-4182-a5f8-ec8a37369fe8","BART_071.basePlot.ltr","D01","BART","BART_071","BART_071_165","2020-11-20","2020-10-18","2020-11-04","LTR.2020.BART.10","2020-11-12T22:51Z","2020-11-19T13:28Z","NEON.LTR.BART071165.20201104","OK","NEON.LTR.BART071165.20201104.WDY","NEON.DOC.001710vH","Y","Woody material",0.1800,"N",,
"b0f4b099-8991-4a0d-8127-c02d7ce592f7","BART_041.basePlot.ltr","D01","BART","BART_041","BART_041_292","2020-11-20","2020-10-18","2020-11-04","LTR.2020.BART.10","2020-11-12T22:51Z","2020-11-19T20:44Z","NEON.LTR.BART041292.20201104","OK","NEON.LTR.BART041292.20201104.SDS","NEON.DOC.001710vH","Y","Seeds",0.3500,"N",,
"8914c3d1-b238-4ba2-a628-49c7cbc677bb","BART_033.basePlot.ltr","D01","BART","BART_033","BART_033_453","2020-11-21","2020-10-18","2020-11-04","LTR.2020.BART.10","2020-11-12T22:51Z","2020-11-20T19:15Z","NEON.LTR.BART033453.20201104","OK","NEON.LTR.BART033453.20201104.NDL","NEON.DOC.001710vH","Y","Needles",0.0050,"Y",,
"207efcba-9a36-49b6-984a-851b4ed1b8e7","BART_032.basePlot.ltr","D01","BART","BART_032","BART_032_662","2020-11-20","2020-10-18","2020-11-04","LTR.2020.BART.10","2020-11-12T22:51Z","2020-11-19T18:10Z","NEON.LTR.BART032662.20201104","OK","NEON.LTR.BART032662.20201104.NDL","NEON.DOC.001710vH","Y","Needles",0.1600,"N",,
"4c5a5423-1e00-401d-963a-b51faccf09f9","BART_071.basePlot.ltr","D01","BART","BART_071","BART_071_165","2020-11-20","2020-10-18","2020-11-04","LTR.2020.BART.10","2020-11-12T22:51Z","2020-11-19T16:00Z","NEON.LTR.BART071165.20201104","OK","NEON.LTR.BART071165.20201104.SDS","NEON.DOC.001710vH","Y","Seeds",0.0300,"N",,
"cc394502-232a-4233-aee5-cd457e35b862","BART_034.basePlot.ltr","D01","BART","BART_034","BART_034_855","2020-11-20","2020-10-18","2020-11-04","LTR.2020.BART.10","2020-11-12T22:51Z","2020-11-19T20:10Z","NEON.LTR.BART034855.20201104","OK","NEON.LTR.BART034855.20201104.OTH","NEON.DOC.001710vH","Y","Other",0.1600,"N",,
"493e0c78-96f8-42f3-bdb2-ec1c07595baa","BART_040.basePlot.ltr","D01","BART","BART_040","BART_040_158","2020-11-20","2020-10-18","2020-11-04","LTR.2020.BART.10","2020-11-12T22:51Z","2020-11-19T14:35Z","NEON.LTR.BART040158.20201104","OK","NEON.LTR.BART040158.20201104.TWI","NEON.DOC.001710vH","Y","Twigs/branches",0.0050,"N",,
"f9192b4d-3f46-4b2d-8af5-5622a04c4db6","BART_032.basePlot.ltr","D01","BART","BART_032","BART_032_662","2020-11-20","2020-10-18","2020-11-04","LTR.2020.BART.10","2020-11-12T22:51Z","2020-11-19T18:10Z","NEON.LTR.BART032662.20201104","OK","NEON.LTR.BART032662.20201104.MXT","NEON.DOC.001710vH","Y","Mixed",0.0000,"N",,
"04e18b5a-7412-4d15-8da0-2880c4340708","BART_037.basePlot.ltr","D01","BART","BART_037","BART_037_158","2020-11-20","2020-10-18","2020-11-04","LTR.2020.BART.10","2020-11-12T22:51Z","2020-11-19T20:34Z","NEON.LTR.BART037158.20201104","OK","NEON.LTR.BART037158.20201104.LVS","NEON.DOC.001710vH","Y","Leaves",71.1600,"N",,
"53f2aa54-8dcb-4c15-aa4f-7fcbe6ad45dc","BART_071.basePlot.ltr","D01","BART","BART_071","BART_071_579","2020-11-20","2020-10-18","2020-11-04","LTR.2020.BART.10","2020-11-12T22:51Z","2020-11-19T19:43Z","NEON.LTR.BART071579.20201104","OK","NEON.LTR.BART071579.20201104.NDL","NEON.DOC.001710vH","Y","Needles",0.6100,"N",,
"09773a44-4b33-470e-9a21-1307625067ee","BART_070.basePlot.ltr","D01","BART","BART_070","BART_070_553","2020-11-20","2020-10-18","2020-11-04","LTR.2020.BART.10","2020-11-12T22:51Z","2020-11-19T16:45Z","NEON.LTR.BART070553.20201104","OK","NEON.LTR.BART070553.20201104.SDS","NEON.DOC.001710vH","Y","Seeds",0.0900,"N",,
"50b762a9-d4c2-4dbd-aae5-ee75a62ed1ed","BART_041.basePlot.ltr","D01","BART","BART_041","BART_041_292","2020-11-21","2020-10-18","2020-11-04","LTR.2020.BART.10","2020-11-12T22:51Z","2020-11-20T19:11Z","NEON.LTR.BART041292.20201104","OK","NEON.LTR.BART041292.20201104.SDS","NEON.DOC.001710vH","Y","Seeds",0.3500,"Y",,
"db48c12a-f5d1-4ccd-8dbb-6f9fce1c3f9c","BART_071.basePlot.ltr","D01","BART","BART_071","BART_071_579","2020-11-20","2020-10-18","2020-11-04","LTR.2020.BART.10","2020-11-12T22:51Z","2020-11-19T19:43Z","NEON.LTR.BART071579.20201104","OK","NEON.LTR.BART071579.20201104.OTH","NEON.DOC.001710vH","Y","Other",0.1200,"N",,
"95349b95-1a9c-4739-83ce-0fbf7dff8891","BART_036.basePlot.ltr","D01","BART","BART_036","BART_036_925","2020-11-20","2020-10-18","2020-11-04","LTR.2020.BART.10","2020-11-12T22:51Z","2020-11-19T17:24Z","NEON.LTR.BART036925.20201104","OK","NEON.LTR.BART036925.20201104.NDL","NEON.DOC.001710vH","Y","Needles",0.1600,"N",,
"9b46441a-eb6b-48c0-a62a-8b695d33d946","BART_032.basePlot.ltr","D01","BART","BART_032","BART_032_293","2020-11-20","2020-10-18","2020-11-04","LTR.2020.BART.10","2020-11-12T22:51Z","2020-11-19T19:08Z","NEON.LTR.BART032293.20201104","OK","NEON.LTR.BART032293.20201104.OTH","NEON.DOC.001710vH","Y","Other",0.0900,"N",,
"9573fd8c-0ede-49ba-86a5-fb6bfcb86dae","BART_041.basePlot.ltr","D01","BART","BART_041","BART_041_578","2020-11-20","2020-10-18","2020-11-04","LTR.2020.BART.10","2020-11-12T22:51Z","2020-11-19T19:18Z","NEON.LTR.BART041578.20201104","OK","NEON.LTR.BART041578.20201104.LVS","NEON.DOC.001710vH","Y","Leaves",16.0800,"N",,
"5a091163-44fc-4c4e-b432-e35d33b896a3","BART_037.basePlot.ltr","D01","BART","BART_037","BART_037_884","2020-11-20","2020-10-18","2020-11-04","LTR.2020.BART.10","2020-11-12T22:51Z","2020-11-19T20:00Z","NEON.LTR.BART037884.20201104","OK","NEON.LTR.BART037884.20201104.OTH","NEON.DOC.001710vH","Y","Other",0.0600,"N",,
"29f50628-c846-41bd-b846-456c8dd71d9a","BART_034.basePlot.ltr","D01","BART","BART_034","BART_034_855","2020-11-20","2020-10-18","2020-11-04","LTR.2020.BART.10","2020-11-12T22:51Z","2020-11-19T12:45Z","NEON.LTR.BART034855.20201104","OK","NEON.LTR.BART034855.20201104.TWI","NEON.DOC.001710vH","Y","Twigs/branches",2.4100,"N",,
"20104525-bad9-4672-af0a-9767d4cdadff","BART_032.basePlot.ltr","D01","BART","BART_032","BART_032_293","2020-11-20","2020-10-18","2020-11-04","LTR.2020.BART.10","2020-11-12T22:51Z","2020-11-19T19:08Z","NEON.LTR.BART032293.20201104","OK","NEON.LTR.BART032293.20201104.SDS","NEON.DOC.001710vH","Y","Seeds",0.0700,"N",,
"8ccc2a65-0cc4-467e-9774-a6912b4c361b","BART_034.basePlot.ltr","D01","BART","BART_034","BART_034_084","2020-11-20","2020-10-18","2020-11-04","LTR.2020.BART.10","2020-11-12T22:51Z","2020-11-19T12:45Z","NEON.LTR.BART034084.20201104","OK","NEON.LTR.BART034084.20201104.WDY","NEON.DOC.001710vH","Y","Woody material",0.2000,"N",,
"5f6cfee9-e63f-43ad-8246-b39b5e34352e","BART_033.basePlot.ltr","D01","BART","BART_033","BART_033_453","2020-11-20","2020-10-18","2020-11-04","LTR.2020.BART.10","2020-11-12T22:51Z","2020-11-19T18:58Z","NEON.LTR.BART033453.20201104","OK","NEON.LTR.BART033453.20201104.SDS","NEON.DOC.001710vH","Y","Seeds",0.6200,"N",,
"d6c1f227-7729-4ab9-b155-4965234b582f","BART_034.basePlot.ltr","D01","BART","BART_034","BART_034_084","2020-11-20","2020-10-18","2020-11-04","LTR.2020.BART.10","2020-11-12T22:51Z","2020-11-19T18:55Z","NEON.LTR.BART034084.20201104","OK","NEON.LTR.BART034084.20201104.NDL","NEON.DOC.001710vH","Y","Needles",0.4700,"N",,
"9f433b27-5f05-4e5b-ba9a-42e3b88e49e0","BART_032.basePlot.ltr","D01","BART","BART_032","BART_032_293","2020-11-20","2020-10-18","2020-11-04","LTR.2020.BART.10","2020-11-12T22:51Z","2020-11-19T19:08Z","NEON.LTR.BART032293.20201104","OK","NEON.LTR.BART032293.20201104.LVS","NEON.DOC.001710vH","Y","Leaves",28.4600,"N",,
"e3235f65-4162-46d5-8949-0353199f9afc","BART_070.basePlot.ltr","D01","BART","BART_070","BART_070_553","2020-11-20","2020-10-18","2020-11-04","LTR.2020.BART.10","2020-11-12T22:51Z","2020-11-19T16:45Z","NEON.LTR.BART070553.20201104","OK","NEON.LTR.BART070553.20201104.LVS","NEON.DOC.001710vH","Y","Leaves",6.6800,"N",,
"b71c4feb-4df4-4afe-8693-ce39a2cd66e0","BART_036.basePlot.ltr","D01","BART","BART_036","BART_036_151","2020-11-20","2020-10-18","2020-11-04","LTR.2020.BART.10","2020-11-12T22:51Z","2020-11-19T20:22Z","NEON.LTR.BART036151.20201104","OK","NEON.LTR.BART036151.20201104.LVS","NEON.DOC.001710vH","Y","Leaves",35.5700,"N",,
"bd47c881-46a6-4eac-a55a-87e55457d0b7","BART_071.basePlot.ltr","D01","BART","BART_071","BART_071_579","2020-11-21","2020-10-18","2020-11-04","LTR.2020.BART.10","2020-11-12T22:51Z","2020-11-20T19:06Z","NEON.LTR.BART071579.20201104","OK","NEON.LTR.BART071579.20201104.NDL","NEON.DOC.001710vH","Y","Needles",0.6000,"Y",,
"1a0fb7c6-9361-49c8-9135-48aeaa624049","BART_033.basePlot.ltr","D01","BART","BART_033","BART_033_453","2020-11-20","2020-10-18","2020-11-04","LTR.2020.BART.10","2020-11-12T22:51Z","2020-11-19T18:58Z","NEON.LTR.BART033453.20201104","OK","NEON.LTR.BART033453.20201104.MXT","NEON.DOC.001710vH","Y","Mixed",0.0000,"N",,
"a269e8d2-3271-4f5f-bcf3-2bbd33236c85","BART_041.basePlot.ltr","D01","BART","BART_041","BART_041_292","2020-11-20","2020-10-18","2020-11-04","LTR.2020.BART.10","2020-11-12T22:51Z","2020-11-19T20:44Z","NEON.LTR.BART041292.20201104","OK","NEON.LTR.BART041292.20201104.MXT","NEON.DOC.001710vH","Y","Mixed",0.4000,"N",,
"78706337-77f8-4260-b54f-44be4ad307a5","BART_041.basePlot.ltr","D01","BART","BART_041","BART_041_292","2020-11-20","2020-10-18","2020-11-04","LTR.2020.BART.10","2020-11-12T22:51Z","2020-11-19T20:44Z","NEON.LTR.BART041292.20201104","OK","NEON.LTR.BART041292.20201104.NDL","NEON.DOC.001710vH","Y","Needles",0.1800,"N",,
"db59b286-a1e6-4d05-aff2-4d105674f362","BART_034.basePlot.ltr","D01","BART","BART_034","BART_034_855","2020-11-20","2020-10-18","2020-11-04","LTR.2020.BART.10","2020-11-12T22:51Z","2020-11-19T20:10Z","NEON.LTR.BART034855.20201104","OK","NEON.LTR.BART034855.20201104.NDL","NEON.DOC.001710vH","Y","Needles",1.2500,"N",,
"22bcf9bb-6baf-4ea3-9352-f5b421564732","BART_040.basePlot.ltr","D01","BART","BART_040","BART_040_158","2020-11-20","2020-10-18","2020-11-04","LTR.2020.BART.10","2020-11-12T22:51Z","2020-11-19T14:35Z","NEON.LTR.BART040158.20201104","OK","NEON.LTR.BART040158.20201104.WDY","NEON.DOC.001710vH","Y","Woody material",0.0050,"N",,
"70fb980c-b69a-4db0-9afa-3ee70ba03f4b","BART_040.basePlot.ltr","D01","BART","BART_040","BART_040_158","2020-11-20","2020-10-18","2020-11-04","LTR.2020.BART.10","2020-11-12T22:51Z","2020-11-19T16:13Z","NEON.LTR.BART040158.20201104","OK","NEON.LTR.BART040158.20201104.MXT","NEON.DOC.001710vH","Y","Mixed",0.0000,"N",,
"9e5361e4-f0b8-48c8-9b5a-a5a6ad923b7e","BART_070.basePlot.ltr","D01","BART","BART_070","BART_070_790","2020-11-20","2020-10-18","2020-11-04","LTR.2020.BART.10","2020-11-12T22:51Z","2020-11-19T17:06Z","NEON.LTR.BART070790.20201104","OK","NEON.LTR.BART070790.20201104.MXT","NEON.DOC.001710vH","Y","Mixed",0.2700,"N",,
"6fadf764-2a22-41b4-b957-99403986baf7","BART_036.basePlot.ltr","D01","BART","BART_036","BART_036_151","2020-11-21","2020-10-18","2020-11-04","LTR.2020.BART.10","2020-11-12T22:51Z","2020-11-20T19:13Z","NEON.LTR.BART036151.20201104","OK","NEON.LTR.BART036151.20201104.NDL","NEON.DOC.001710vH","Y","Needles",0.3400,"Y",,
"e3edfdea-5c40-439b-8a00-0f7ead01292e","BART_041.basePlot.ltr","D01","BART","BART_041","BART_041_578","2020-11-20","2020-10-18","2020-11-04","LTR.2020.BART.10","2020-11-12T22:51Z","2020-11-19T13:53Z","NEON.LTR.BART041578.20201104","OK","NEON.LTR.BART041578.20201104.TWI","NEON.DOC.001710vH","Y","Twigs/branches",2.1500,"N",,
"48341313-49f2-47db-aed0-57f9ad0f7ece","BART_033.basePlot.ltr","D01","BART","BART_033","BART_033_923","2020-11-20","2020-10-18","2020-11-04","LTR.2020.BART.10","2020-11-12T22:51Z","2020-11-19T18:28Z","NEON.LTR.BART033923.20201104","OK","NEON.LTR.BART033923.20201104.SDS","NEON.DOC.001710vH","Y","Seeds",0.3600,"N",,
"6e07eca6-779c-4c79-abe6-6743e7d7090b","BART_070.basePlot.ltr","D01","BART","BART_070","BART_070_790","2020-11-20","2020-10-18","2020-11-04","LTR.2020.BART.10","2020-11-12T22:51Z","2020-11-19T14:03Z","NEON.LTR.BART070790.20201104","OK","NEON.LTR.BART070790.20201104.TWI","NEON.DOC.001710vH","Y","Twigs/branches",1.2500,"N",,
"96305192-4f68-4e8d-99c9-e56fbe9417e2","BART_037.basePlot.ltr","D01","BART","BART_037","BART_037_884","2020-11-20","2020-10-18","2020-11-04","LTR.2020.BART.10","2020-11-12T22:51Z","2020-11-19T14:25Z","NEON.LTR.BART037884.20201104","OK","NEON.LTR.BART037884.20201104.WDY","NEON.DOC.001710vH","Y","Woody material",0.0050,"N",,
"0391f4e9-46d2-4637-9a85-31a3f5635ded","BART_040.basePlot.ltr","D01","BART","BART_040","BART_040_158","2020-11-21","2020-10-18","2020-11-04","LTR.2020.BART.10","2020-11-12T22:51Z","2020-11-20T19:03Z","NEON.LTR.BART040158.20201104","OK","NEON.LTR.BART040158.20201104.OTH","NEON.DOC.001710vH","Y","Other",0.0700,"Y",,
"580cecee-73ee-4f64-b697-1f9ae3ae413e","BART_041.basePlot.ltr","D01","BART","BART_041","BART_041_578","2020-11-20","2020-10-18","2020-11-04","LTR.2020.BART.10","2020-11-12T22:51Z","2020-11-19T19:18Z","NEON.LTR.BART041578.20201104","OK","NEON.LTR.BART041578.20201104.NDL","NEON.DOC.001710vH","Y","Needles",0.5100,"N",,
"27badd78-79f3-4287-ba77-5ed104783182","BART_032.basePlot.ltr","D01","BART","BART_032","BART_032_662","2020-11-20","2020-10-18","2020-11-04","LTR.2020.BART.10","2020-11-12T22:51Z","2020-11-19T12:45Z","NEON.LTR.BART032662.20201104","OK","NEON.LTR.BART032662.20201104.TWI","NEON.DOC.001710vH","Y","Twigs/branches",0.2400,"N",,
"2889d63b-fae1-4b80-bc2a-3f045c0f025c","BART_070.basePlot.ltr","D01","BART","BART_070","BART_070_790","2020-11-20","2020-10-18","2020-11-04","LTR.2020.BART.10","2020-11-12T22:51Z","2020-11-19T17:06Z","NEON.LTR.BART070790.20201104","OK","NEON.LTR.BART070790.20201104.LVS","NEON.DOC.001710vH","Y","Leaves",15.3800,"N",,
"4e7fd12f-f388-43a3-9081-92e7e39f34e9","BART_071.basePlot.ltr","D01","BART","BART_071","BART_071_165","2020-11-20","2020-10-18","2020-11-04","LTR.2020.BART.10","2020-11-12T22:51Z","2020-11-19T16:00Z","NEON.LTR.BART071165.20201104","OK","NEON.LTR.BART071165.20201104.FLR","NEON.DOC.001710vH","Y","Flowers",0.0000,"N",,
"0190e045-9ac5-4e16-9a80-563c2b3b70d5","BART_041.basePlot.ltr","D01","BART","BART_041","BART_041_292","2020-11-20","2020-10-18","2020-11-04","LTR.2020.BART.10","2020-11-12T22:51Z","2020-11-19T20:44Z","NEON.LTR.BART041292.20201104","OK","NEON.LTR.BART041292.20201104.LVS","NEON.DOC.001710vH","Y","Leaves",45.7700,"N",,
"0d3a221e-e307-4c4f-ba8b-bee23b8b144d","BART_036.basePlot.ltr","D01","BART","BART_036","BART_036_151","2020-11-20","2020-10-18","2020-11-04","LTR.2020.BART.10","2020-11-12T22:51Z","2020-11-19T14:35Z","NEON.LTR.BART036151.20201104","OK","NEON.LTR.BART036151.20201104.TWI","NEON.DOC.001710vH","Y","Twigs/branches",0.2800,"N",,
"55a2b27d-73e0-499f-bf87-167bbe419365","BART_036.basePlot.ltr","D01","BART","BART_036","BART_036_151","2020-11-20","2020-10-18","2020-11-04","LTR.2020.BART.10","2020-11-12T22:51Z","2020-11-19T20:22Z","NEON.LTR.BART036151.20201104","OK","NEON.LTR.BART036151.20201104.FLR","NEON.DOC.001710vH","Y","Flowers",0.0050,"N",,
"b4ec944c-e07a-4f9f-b3ed-bc3e5966280f","BART_041.basePlot.ltr","D01","BART","BART_041","BART_041_578","2020-11-20","2020-10-18","2020-11-04","LTR.2020.BART.10","2020-11-12T22:51Z","2020-11-19T13:53Z","NEON.LTR.BART041578.20201104","OK","NEON.LTR.BART041578.20201104.WDY","NEON.DOC.001710vH","Y","Woody material",0.5600,"N",,
"cfd8b5bc-956b-46d3-ad43-38f6d863b9ac","BART_036.basePlot.ltr","D01","BART","BART_036","BART_036_925","2020-11-20","2020-10-18","2020-11-04","LTR.2020.BART.10","2020-11-12T22:51Z","2020-11-19T12:45Z","NEON.LTR.BART036925.20201104","OK","NEON.LTR.BART036925.20201104.TWI","NEON.DOC.001710vH","Y","Twigs/branches",0.4300,"N",,
"2ea39639-5493-4dc3-8b47-6251217bc4b2","BART_034.basePlot.ltr","D01","BART","BART_034","BART_034_084","2020-11-20","2020-10-18","2020-11-04","LTR.2020.BART.10","2020-11-12T22:51Z","2020-11-19T18:55Z","NEON.LTR.BART034084.20201104","OK","NEON.LTR.BART034084.20201104.OTH","NEON.DOC.001710vH","Y","Other",0.0050,"N",,
"e095ddbb-2b5c-4b94-a4c5-4d2c423e5715","BART_032.basePlot.ltr","D01","BART","BART_032","BART_032_293","2020-11-20","2020-10-18","2020-11-04","LTR.2020.BART.10","2020-11-12T22:51Z","2020-11-19T14:15Z","NEON.LTR.BART032293.20201104","OK","NEON.LTR.BART032293.20201104.TWI","NEON.DOC.001710vH","Y","Twigs/branches",0.0000,"N",,
"182f3fa3-4d3e-4425-b656-a91eebea478c","BART_036.basePlot.ltr","D01","BART","BART_036","BART_036_925","2020-11-20","2020-10-18","2020-11-04","LTR.2020.BART.10","2020-11-12T22:51Z","2020-11-19T17:24Z","NEON.LTR.BART036925.20201104","OK","NEON.LTR.BART036925.20201104.OTH","NEON.DOC.001710vH","Y","Other",0.0500,"N",,
"e7de412a-ba8b-4605-86f7-92690a086138","BART_037.basePlot.ltr","D01","BART","BART_037","BART_037_884","2020-11-21","2020-10-18","2020-11-04","LTR.2020.BART.10","2020-11-12T22:51Z","2020-11-20T19:40Z","NEON.LTR.BART037884.20201104","OK","NEON.LTR.BART037884.20201104.TWI","NEON.DOC.001710vH","Y","Twigs/branches",0.0050,"Y",,
"af60e2b7-93c1-440e-b5ce-d1bd1488362c","BART_034.basePlot.ltr","D01","BART","BART_034","BART_034_855","2020-11-20","2020-10-18","2020-11-04","LTR.2020.BART.10","2020-11-12T22:51Z","2020-11-19T20:10Z","NEON.LTR.BART034855.20201104","OK","NEON.LTR.BART034855.20201104.SDS","NEON.DOC.001710vH","Y","Seeds",0.0400,"N",,
"6b98a169-53e3-472d-a424-b4bcfaf63d65","BART_040.basePlot.ltr","D01","BART","BART_040","BART_040_884","2020-11-20","2020-10-18","2020-11-04","LTR.2020.BART.10","2020-11-12T22:51Z","2020-11-19T14:03Z","NEON.LTR.BART040884.20201104","OK","NEON.LTR.BART040884.20201104.TWI","NEON.DOC.001710vH","Y","Twigs/branches",0.3000,"N",,
"97593fe0-bb48-4882-a183-bf2067f3afa4","BART_037.basePlot.ltr","D01","BART","BART_037","BART_037_158","2020-11-20","2020-10-18","2020-11-04","LTR.2020.BART.10","2020-11-12T22:51Z","2020-11-19T20:34Z","NEON.LTR.BART037158.20201104","OK","NEON.LTR.BART037158.20201104.SDS","NEON.DOC.001710vH","Y","Seeds",0.1100,"N",,
"1dd74a8d-797f-44c6-8015-9d27323b1c7c","BART_070.basePlot.ltr","D01","BART","BART_070","BART_070_790","2020-11-20","2020-10-18","2020-11-04","LTR.2020.BART.10","2020-11-12T22:51Z","2020-11-19T17:06Z","NEON.LTR.BART070790.20201104","OK","NEON.LTR.BART070790.20201104.NDL","NEON.DOC.001710vH","Y","Needles",0.8600,"N",,
"c60c18b3-581e-495f-9203-41e5390c5c3b","BART_033.basePlot.ltr","D01","BART","BART_033","BART_033_923","2020-11-20","2020-10-18","2020-11-04","LTR.2020.BART.10","2020-11-12T22:51Z","2020-11-19T18:28Z","NEON.LTR.BART033923.20201104","OK","NEON.LTR.BART033923.20201104.LVS","NEON.DOC.001710vH","Y","Leaves",49.2100,"N",,
"4ab0274a-80aa-4dd8-aaa1-8c15d63f1619","BART_071.basePlot.ltr","D01","BART","BART_071","BART_071_165","2020-11-20","2020-10-18","2020-11-04","LTR.2020.BART.10","2020-11-12T22:51Z","2020-11-19T16:00Z","NEON.LTR.BART071165.20201104","OK","NEON.LTR.BART071165.20201104.LVS","NEON.DOC.001710vH","Y","Leaves",14.5300,"N",,
"2111eb50-7975-4e43-8ac6-7813b95bf75e","BART_034.basePlot.ltr","D01","BART","BART_034","BART_034_084","2020-11-20","2020-10-18","2020-11-04","LTR.2020.BART.10","2020-11-12T22:51Z","2020-11-19T18:55Z","NEON.LTR.BART034084.20201104","OK","NEON.LTR.BART034084.20201104.SDS","NEON.DOC.001710vH","Y","Seeds",0.1900,"N",,
"b0b4eb95-65ee-4620-9978-88e766ec30cc","BART_041.basePlot.ltr","D01","BART","BART_041","BART_041_292","2020-11-20","2020-10-18","2020-11-04","LTR.2020.BART.10","2020-11-12T22:51Z","2020-11-19T13:53Z","NEON.LTR.BART041292.20201104","OK","NEON.LTR.BART041292.20201104.WDY","NEON.DOC.001710vH","Y","Woody material",0.4500,"N",,
"cb2b908e-7729-4d4b-bbdc-a8f6a0a476bc","BART_033.basePlot.ltr","D01","BART","BART_033","BART_033_923","2020-11-20","2020-10-18","2020-11-04","LTR.2020.BART.10","2020-11-12T22:51Z","2020-11-19T18:28Z","NEON.LTR.BART033923.20201104","OK","NEON.LTR.BART033923.20201104.MXT","NEON.DOC.001710vH","Y","Mixed",0.2500,"N",,
"1f4d39c4-100b-4de4-9191-ed46ab8ea074","BART_070.basePlot.ltr","D01","BART","BART_070","BART_070_790","2020-11-20","2020-10-18","2020-11-04","LTR.2020.BART.10","2020-11-12T22:51Z","2020-11-19T17:06Z","NEON.LTR.BART070790.20201104","OK","NEON.LTR.BART070790.20201104.SDS","NEON.DOC.001710vH","Y","Seeds",0.1400,"N",,
"823b6be6-eb56-4b12-8e1a-bf3d0fb7e199","BART_040.basePlot.ltr","D01","BART","BART_040","BART_040_884","2020-11-20","2020-10-18","2020-11-04","LTR.2020.BART.10","2020-11-12T22:51Z","2020-11-19T18:47Z","NEON.LTR.BART040884.20201104","OK","NEON.LTR.BART040884.20201104.MXT","NEON.DOC.001710vH","Y","Mixed",0.0000,"N",,
"60361420-f826-4412-87d2-99de5a74511d","BART_040.basePlot.ltr","D01","BART","BART_040","BART_040_884","2020-11-20","2020-10-18","2020-11-04","LTR.2020.BART.10","2020-11-12T22:51Z","2020-11-19T18:47Z","NEON.LTR.BART040884.20201104","OK","NEON.LTR.BART040884.20201104.NDL","NEON.DOC.001710vH","Y","Needles",0.0100,"N",,
"24cdd505-4382-48a4-94ea-065dad309b8c","BART_070.basePlot.ltr","D01","BART","BART_070","BART_070_553","2020-11-20","2020-10-18","2020-11-04","LTR.2020.BART.10","2020-11-12T22:51Z","2020-11-19T14:25Z","NEON.LTR.BART070553.20201104","OK","NEON.LTR.BART070553.20201104.TWI","NEON.DOC.001710vH","Y","Twigs/branches",1.0900,"N",,
"adb3a7c0-7ffc-4d61-ba39-26a9d6eb9939","BART_033.basePlot.ltr","D01","BART","BART_033","BART_033_453","2020-11-20","2020-10-18","2020-11-04","LTR.2020.BART.10","2020-11-12T22:51Z","2020-11-19T18:58Z","NEON.LTR.BART033453.20201104","OK","NEON.LTR.BART033453.20201104.NDL","NEON.DOC.001710vH","Y","Needles",0.0050,"N",,
"95738854-79c5-42b8-aa0c-b58158f4b95e","BART_033.basePlot.ltr","D01","BART","BART_033","BART_033_923","2020-11-20","2020-10-18","2020-11-04","LTR.2020.BART.10","2020-11-12T22:51Z","2020-11-19T18:28Z","NEON.LTR.BART033923.20201104","OK","NEON.LTR.BART033923.20201104.NDL","NEON.DOC.001710vH","Y","Needles",0.0050,"N",,
"caf7b32a-7e68-421e-b245-b7f15fd26831","BART_041.basePlot.ltr","D01","BART","BART_041","BART_041_578","2020-11-21","2020-10-18","2020-11-04","LTR.2020.BART.10","2020-11-12T22:51Z","2020-11-20T19:35Z","NEON.LTR.BART041578.20201104","OK","NEON.LTR.BART041578.20201104.TWI","NEON.DOC.001710vH","Y","Twigs/branches",2.1500,"Y",,
"68c9ce8b-20f1-4b0d-bd8a-b3cdbb36572e","BART_037.basePlot.ltr","D01","BART","BART_037","BART_037_884","2020-11-20","2020-10-18","2020-11-04","LTR.2020.BART.10","2020-11-12T22:51Z","2020-11-19T20:00Z","NEON.LTR.BART037884.20201104","OK","NEON.LTR.BART037884.20201104.SDS","NEON.DOC.001710vH","Y","Seeds",0.2700,"N",,
"d4c7c6e1-60b8-4a4a-90dd-9bfa7fe40d2f","BART_032.basePlot.ltr","D01","BART","BART_032","BART_032_662","2020-11-20","2020-10-18","2020-11-04","LTR.2020.BART.10","2020-11-12T22:51Z","2020-11-19T18:10Z","NEON.LTR.BART032662.20201104","OK","NEON.LTR.BART032662.20201104.FLR","NEON.DOC.001710vH","Y","Flowers",0.0050,"N",,
"c7c213b6-fa46-4dce-870c-5b07014ce288","BART_036.basePlot.ltr","D01","BART","BART_036","BART_036_151","2020-11-20","2020-10-18","2020-11-04","LTR.2020.BART.10","2020-11-12T22:51Z","2020-11-19T14:35Z","NEON.LTR.BART036151.20201104","OK","NEON.LTR.BART036151.20201104.WDY","NEON.DOC.001710vH","Y","Woody material",0.0100,"N",,
"9fbcccdc-e016-47c6-8a4b-76cb383009f6","BART_070.basePlot.ltr","D01","BART","BART_070","BART_070_553","2020-11-20","2020-10-18","2020-11-04","LTR.2020.BART.10","2020-11-12T22:51Z","2020-11-19T16:45Z","NEON.LTR.BART070553.20201104","OK","NEON.LTR.BART070553.20201104.NDL","NEON.DOC.001710vH","Y","Needles",1.0200,"N",,
"506ac6be-42a3-4de5-9eca-c73c9ce6ec90","BART_071.basePlot.ltr","D01","BART","BART_071","BART_071_165","2020-11-20","2020-10-18","2020-11-04","LTR.2020.BART.10","2020-11-12T22:51Z","2020-11-19T16:00Z","NEON.LTR.BART071165.20201104","OK","NEON.LTR.BART071165.20201104.NDL","NEON.DOC.001710vH","Y","Needles",0.3400,"N",,
"ff7023a7-8a85-44c7-9c3f-d75fed5284f3","BART_032.basePlot.ltr","D01","BART","BART_032","BART_032_293","2020-11-20","2020-10-18","2020-11-04","LTR.2020.BART.10","2020-11-12T22:51Z","2020-11-19T19:08Z","NEON.LTR.BART032293.20201104","OK","NEON.LTR.BART032293.20201104.NDL","NEON.DOC.001710vH","Y","Needles",0.0800,"N",,
"0a906099-1731-4cb8-965a-75d43cdbac42","BART_034.basePlot.ltr","D01","BART","BART_034","BART_034_855","2020-11-21","2020-10-18","2020-11-04","LTR.2020.BART.10","2020-11-12T22:51Z","2020-11-20T19:38Z","NEON.LTR.BART034855.20201104","OK","NEON.LTR.BART034855.20201104.WDY","NEON.DOC.001710vH","Y","Woody material",1.4500,"Y",,
"01d9ccef-9ecd-4f53-8ddd-64fc75389c12","BART_032.basePlot.ltr","D01","BART","BART_032","BART_032_662","2020-11-20","2020-10-18","2020-11-04","LTR.2020.BART.10","2020-11-12T22:51Z","2020-11-19T12:45Z","NEON.LTR.BART032662.20201104","OK","NEON.LTR.BART032662.20201104.WDY","NEON.DOC.001710vH","Y","Woody material",0.0050,"N",,
"926ce016-fb19-4bb6-b1cb-9f060d9fe42a","BART_036.basePlot.ltr","D01","BART","BART_036","BART_036_925","2020-11-20","2020-10-18","2020-11-04","LTR.2020.BART.10","2020-11-12T22:51Z","2020-11-19T17:24Z","NEON.LTR.BART036925.20201104","OK","NEON.LTR.BART036925.20201104.SDS","NEON.DOC.001710vH","Y","Seeds",0.2300,"N",,
"06b3e7f1-edb5-48ea-9ef1-b5fad51a27b3","BART_040.basePlot.ltr","D01","BART","BART_040","BART_040_884","2020-11-20","2020-10-18","2020-11-04","LTR.2020.BART.10","2020-11-12T22:51Z","2020-11-19T18:47Z","NEON.LTR.BART040884.20201104","OK","NEON.LTR.BART040884.20201104.FLR","NEON.DOC.001710vH","Y","Flowers",0.0050,"N",,
"731c7aa4-0cd7-4678-9177-e13e747d4ee1","BART_040.basePlot.ltr","D01","BART","BART_040","BART_040_884","2020-11-20","2020-10-18","2020-11-04","LTR.2020.BART.10","2020-11-12T22:51Z","2020-11-19T18:47Z","NEON.LTR.BART040884.20201104","OK","NEON.LTR.BART040884.20201104.OTH","NEON.DOC.001710vH","Y","Other",0.1100,"N",,
"c6444b11-7c82-4a8b-87c8-f4f69d76cf63","BART_033.basePlot.ltr","D01","BART","BART_033","BART_033_923","2020-11-20","2020-10-18","2020-11-04","LTR.2020.BART.10","2020-11-12T22:51Z","2020-11-19T18:28Z","NEON.LTR.BART033923.20201104","OK","NEON.LTR.BART033923.20201104.OTH","NEON.DOC.001710vH","Y","Other",0.0050,"N",,
"8d13223f-6189-436b-97b0-e565b936c5f6","BART_071.basePlot.ltr","D01","BART","BART_071","BART_071_579","2020-11-20","2020-10-18","2020-11-04","LTR.2020.BART.10","2020-11-12T22:51Z","2020-11-19T19:43Z","NEON.LTR.BART071579.20201104","OK","NEON.LTR.BART071579.20201104.LVS","NEON.DOC.001710vH","Y","Leaves",22.8300,"N",,
"19b37e39-8710-432e-8354-1e5eeef94a1b","BART_032.basePlot.ltr","D01","BART","BART_032","BART_032_662","2020-11-20","2020-10-18","2020-11-04","LTR.2020.BART.10","2020-11-12T22:51Z","2020-11-19T18:10Z","NEON.LTR.BART032662.20201104","OK","NEON.LTR.BART032662.20201104.LVS","NEON.DOC.001710vH","Y","Leaves",30.4000,"N",,
"db98e74f-1f53-4cea-952b-bf6eddf4d34e","BART_040.basePlot.ltr","D01","BART","BART_040","BART_040_158","2020-11-20","2020-10-18","2020-11-04","LTR.2020.BART.10","2020-11-12T22:51Z","2020-11-19T16:13Z","NEON.LTR.BART040158.20201104","OK","NEON.LTR.BART040158.20201104.SDS","NEON.DOC.001710vH","Y","Seeds",0.0700,"N",,
"4cc83eb1-37fb-45b7-9238-909d7283f892","BART_033.basePlot.ltr","D01","BART","BART_033","BART_033_453","2020-11-20","2020-10-18","2020-11-04","LTR.2020.BART.10","2020-11-12T22:51Z","2020-11-19T18:58Z","NEON.LTR.BART033453.20201104","OK","NEON.LTR.BART033453.20201104.FLR","NEON.DOC.001710vH","Y","Flowers",0.0050,"N",,
"0e473ba4-13f3-4a1b-9d73-3f0f987bdbdf","BART_040.basePlot.ltr","D01","BART","BART_040","BART_040_158","2020-11-20","2020-10-18","2020-11-04","LTR.2020.BART.10","2020-11-12T22:51Z","2020-11-19T16:13Z","NEON.LTR.BART040158.20201104","OK","NEON.LTR.BART040158.20201104.FLR","NEON.DOC.001710vH","Y","Flowers",0.0100,"N",,
"e23ebd0e-2011-4585-ace0-6d47b83ddb07","BART_036.basePlot.ltr","D01","BART","BART_036","BART_036_925","2020-11-21","2020-10-18","2020-11-04","LTR.2020.BART.10","2020-11-12T22:51Z","2020-11-20T19:26Z","NEON.LTR.BART036925.20201104","OK","NEON.LTR.BART036925.20201104.NDL","NEON.DOC.001710vH","Y","Needles",0.1500,"Y",,
"746388a1-6c2c-4fcb-974a-a6ecd6e8e39f","BART_037.basePlot.ltr","D01","BART","BART_037","BART_037_884","2020-11-20","2020-10-18","2020-11-04","LTR.2020.BART.10","2020-11-12T22:51Z","2020-11-19T14:25Z","NEON.LTR.BART037884.20201104","OK","NEON.LTR.BART037884.20201104.TWI","NEON.DOC.001710vH","Y","Twigs/branches",0.0050,"N",,
"c102b235-e9ce-4479-a622-05a2b73c4576","BART_036.basePlot.ltr","D01","BART","BART_036","BART_036_151","2020-11-20","2020-10-18","2020-11-04","LTR.2020.BART.10","2020-11-12T22:51Z","2020-11-19T20:22Z","NEON.LTR.BART036151.20201104","OK","NEON.LTR.BART036151.20201104.NDL","NEON.DOC.001710vH","Y","Needles",0.3300,"N",,
"1d518b12-f9df-4e13-8a51-700166913037","BART_033.basePlot.ltr","D01","BART","BART_033","BART_033_453","2020-11-20","2020-10-18","2020-11-04","LTR.2020.BART.10","2020-11-12T22:51Z","2020-11-19T12:45Z","NEON.LTR.BART033453.20201104","OK","NEON.LTR.BART033453.20201104.WDY","NEON.DOC.001710vH","Y","Woody material",0.0050,"N",,
"1a9c1377-eb7f-4943-ab79-f10b760af3fa","BART_070.basePlot.ltr","D01","BART","BART_070","BART_070_553","2020-11-20","2020-10-18","2020-11-04","LTR.2020.BART.10","2020-11-12T22:51Z","2020-11-19T16:45Z","NEON.LTR.BART070553.20201104","OK","NEON.LTR.BART070553.20201104.OTH","NEON.DOC.001710vH","Y","Other",0.0050,"N",,
"cc171ad6-63ea-4b69-a2fd-335ff099ccf6","BART_036.basePlot.ltr","D01","BART","BART_036","BART_036_151","2020-11-20","2020-10-18","2020-11-04","LTR.2020.BART.10","2020-11-12T22:51Z","2020-11-19T20:22Z","NEON.LTR.BART036151.20201104","OK","NEON.LTR.BART036151.20201104.MXT","NEON.DOC.001710vH","Y","Mixed",0.0000,"N",,
"d92f8c7d-19f2-4900-8804-bb68381f607c","BART_070.basePlot.ltr","D01","BART","BART_070","BART_070_790","2020-11-20","2020-10-18","2020-11-04","LTR.2020.BART.10","2020-11-12T22:51Z","2020-11-19T14:03Z","NEON.LTR.BART070790.20201104","OK","NEON.LTR.BART070790.20201104.WDY","NEON.DOC.001710vH","Y","Woody material",0.7300,"N",,
"a62d3e55-8b5b-4352-9713-0835ecd0f289","BART_070.basePlot.ltr","D01","BART","BART_070","BART_070_790","2020-11-20","2020-10-18","2020-11-04","LTR.2020.BART.10","2020-11-12T22:51Z","2020-11-19T17:06Z","NEON.LTR.BART070790.20201104","OK","NEON.LTR.BART070790.20201104.OTH","NEON.DOC.001710vH","Y","Other",0.0000,"N",,
"1d91d8f6-bb11-42e7-8e7a-cda08b5b56a5","BART_033.basePlot.ltr","D01","BART","BART_033","BART_033_923","2020-11-20","2020-10-18","2020-11-04","LTR.2020.BART.10","2020-11-12T22:51Z","2020-11-19T18:28Z","NEON.LTR.BART033923.20201104","OK","NEON.LTR.BART033923.20201104.FLR","NEON.DOC.001710vH","Y","Flowers",0.0050,"N",,
"ef1f62c1-aa3c-4d1d-ab9a-d1275631a5f8","BART_036.basePlot.ltr","D01","BART","BART_036","BART_036_151","2020-11-20","2020-10-18","2020-11-04","LTR.2020.BART.10","2020-11-12T22:51Z","2020-11-19T20:22Z","NEON.LTR.BART036151.20201104","OK","NEON.LTR.BART036151.20201104.SDS","NEON.DOC.001710vH","Y","Seeds",0.0600,"N",,
"e7d63bb7-0e45-4647-9c0a-d9da1d6ba4a6","BART_040.basePlot.ltr","D01","BART","BART_040","BART_040_884","2020-11-20","2020-10-18","2020-11-04","LTR.2020.BART.10","2020-11-12T22:51Z","2020-11-19T18:47Z","NEON.LTR.BART040884.20201104","OK","NEON.LTR.BART040884.20201104.LVS","NEON.DOC.001710vH","Y","Leaves",16.7700,"N",,
"4dcb3d7e-0aa7-4ae3-8bd5-ab81dccde218","BART_041.basePlot.ltr","D01","BART","BART_041","BART_041_578","2020-11-20","2020-10-18","2020-11-04","LTR.2020.BART.10","2020-11-12T22:51Z","2020-11-19T19:18Z","NEON.LTR.BART041578.20201104","OK","NEON.LTR.BART041578.20201104.OTH","NEON.DOC.001710vH","Y","Other",0.0050,"N",,
"5eda1d48-5c0a-46b8-bce6-308bf7353362","BART_034.basePlot.ltr","D01","BART","BART_034","BART_034_084","2020-11-20","2020-10-18","2020-11-04","LTR.2020.BART.10","2020-11-12T22:51Z","2020-11-19T18:55Z","NEON.LTR.BART034084.20201104","OK","NEON.LTR.BART034084.20201104.MXT","NEON.DOC.001710vH","Y","Mixed",0.3200,"N",,
"dd876279-f643-4b92-8c30-5af85a449ffe","BART_034.basePlot.ltr","D01","BART","BART_034","BART_034_855","2020-11-21","2020-10-18","2020-11-04","LTR.2020.BART.10","2020-11-12T22:51Z","2020-11-20T19:07Z","NEON.LTR.BART034855.20201104","OK","NEON.LTR.BART034855.20201104.OTH","NEON.DOC.001710vH","Y","Other",0.1700,"Y",,
"7dd0ca42-da55-47eb-b938-b41d77f118e2","BART_032.basePlot.ltr","D01","BART","BART_032","BART_032_662","2020-11-20","2020-10-18","2020-11-04","LTR.2020.BART.10","2020-11-12T22:51Z","2020-11-19T18:10Z","NEON.LTR.BART032662.20201104","OK","NEON.LTR.BART032662.20201104.SDS","NEON.DOC.001710vH","Y","Seeds",0.3800,"N",,
"5f9e645a-d98a-4e5e-b6a5-f7f0812f6613","BART_036.basePlot.ltr","D01","BART","BART_036","BART_036_925","2020-11-20","2020-10-18","2020-11-04","LTR.2020.BART.10","2020-11-12T22:51Z","2020-11-19T12:45Z","NEON.LTR.BART036925.20201104","OK","NEON.LTR.BART036925.20201104.WDY","NEON.DOC.001710vH","Y","Woody material",0.0900,"N",,
"668e80d5-55c1-45a6-a62d-ceeb4b337ec1","BART_070.basePlot.ltr","D01","BART","BART_070","BART_070_790","2020-11-20","2020-10-18","2020-11-04","LTR.2020.BART.10","2020-11-12T22:51Z","2020-11-19T17:06Z","NEON.LTR.BART070790.20201104","OK","NEON.LTR.BART070790.20201104.FLR","NEON.DOC.001710vH","Y","Flowers",0.0050,"N",,
"0c39cb86-e30e-4815-aa7f-0db4a2f79a64","BART_034.basePlot.ltr","D01","BART","BART_034","BART_034_855","2020-11-20","2020-10-18","2020-11-04","LTR.2020.BART.10","2020-11-12T22:51Z","2020-11-19T12:45Z","NEON.LTR.BART034855.20201104","OK","NEON.LTR.BART034855.20201104.WDY","NEON.DOC.001710vH","Y","Woody material",1.4700,"N",,
"c21bbd44-9126-493d-bf58-52db108c2416","BART_037.basePlot.ltr","D01","BART","BART_037","BART_037_884","2020-11-20","2020-10-18","2020-11-04","LTR.2020.BART.10","2020-11-12T22:51Z","2020-11-19T20:00Z","NEON.LTR.BART037884.20201104","OK","NEON.LTR.BART037884.20201104.LVS","NEON.DOC.001710vH","Y","Leaves",34.4600,"N",,
"1a110962-924a-4384-85a6-25a48ca9a46a","BART_041.basePlot.ltr","D01","BART","BART_041","BART_041_578","2020-11-20","2020-10-18","2020-11-04","LTR.2020.BART.10","2020-11-12T22:51Z","2020-11-19T19:18Z","NEON.LTR.BART041578.20201104","OK","NEON.LTR.BART041578.20201104.SDS","NEON.DOC.001710vH","Y","Seeds",0.6200,"N",,
"260f909e-068e-4da0-bcc8-730d0a8edccc","BART_033.basePlot.ltr","D01","BART","BART_033","BART_033_453","2020-11-20","2020-10-18","2020-11-04","LTR.2020.BART.10","2020-11-12T22:51Z","2020-11-19T12:45Z","NEON.LTR.BART033453.20201104","OK","NEON.LTR.BART033453.20201104.TWI","NEON.DOC.001710vH","Y","Twigs/branches",0.0050,"N",,
"601b43d2-78f6-4daf-8131-2bd88bf5b911","BART_071.basePlot.ltr","D01","BART","BART_071","BART_071_579","2020-11-20","2020-10-18","2020-11-04","LTR.2020.BART.10","2020-11-12T22:51Z","2020-11-19T19:43Z","NEON.LTR.BART071579.20201104","OK","NEON.LTR.BART071579.20201104.FLR","NEON.DOC.001710vH","Y","Flowers",0.0050,"N",,
"0d709c39-187f-470a-991c-c7511d443bc8","BART_041.basePlot.ltr","D01","BART","BART_041","BART_041_578","2020-11-20","2020-10-18","2020-11-04","LTR.2020.BART.10","2020-11-12T22:51Z","2020-11-19T19:18Z","NEON.LTR.BART041578.20201104","OK","NEON.LTR.BART041578.20201104.FLR","NEON.DOC.001710vH","Y","Flowers",0.0050,"N",,
"b55c8c91-6d1a-4a84-8c3b-ddd6c551d406","BART_071.basePlot.ltr","D01","BART","BART_071","BART_071_165","2020-11-20","2020-10-18","2020-11-04","LTR.2020.BART.10","2020-11-12T22:51Z","2020-11-19T13:28Z","NEON.LTR.BART071165.20201104","OK","NEON.LTR.BART071165.20201104.TWI","NEON.DOC.001710vH","Y","Twigs/branches",0.0000,"N",,
"c00c8ad0-4fd0-40e2-a715-db3711227053","BART_040.basePlot.ltr","D01","BART","BART_040","BART_040_884","2020-11-20","2020-10-18","2020-11-04","LTR.2020.BART.10","2020-11-12T22:51Z","2020-11-19T18:47Z","NEON.LTR.BART040884.20201104","OK","NEON.LTR.BART040884.20201104.SDS","NEON.DOC.001710vH","Y","Seeds",0.1900,"N",,
"a72f0d05-afab-46bf-a54c-eba422a081c9","BART_032.basePlot.ltr","D01","BART","BART_032","BART_032_662","2020-11-21","2020-10-18","2020-11-04","LTR.2020.BART.10","2020-11-12T22:51Z","2020-11-20T19:23Z","NEON.LTR.BART032662.20201104","OK","NEON.LTR.BART032662.20201104.NDL","NEON.DOC.001710vH","Y","Needles",0.1600,"Y",,
"de83a847-9f76-4d7e-a7c2-34c960bb3ac3","BART_036.basePlot.ltr","D01","BART","BART_036","BART_036_925","2020-11-20","2020-10-18","2020-11-04","LTR.2020.BART.10","2020-11-12T22:51Z","2020-11-19T17:24Z","NEON.LTR.BART036925.20201104","OK","NEON.LTR.BART036925.20201104.MXT","NEON.DOC.001710vH","Y","Mixed",0.0000,"N",,
"46f92e1f-a7aa-47c7-a570-c4e807882a0f","BART_037.basePlot.ltr","D01","BART","BART_037","BART_037_158","2020-11-20","2020-10-18","2020-11-04","LTR.2020.BART.10","2020-11-12T22:51Z","2020-11-19T13:28Z","NEON.LTR.BART037158.20201104","OK","NEON.LTR.BART037158.20201104.TWI","NEON.DOC.001710vH","Y","Twigs/branches",0.0500,"N",,
"c44eaee8-4106-42b2-8d0a-05df2a4c86ac","BART_036.basePlot.ltr","D01","BART","BART_036","BART_036_925","2020-11-20","2020-10-18","2020-11-04","LTR.2020.BART.10","2020-11-12T22:51Z","2020-11-19T17:24Z","NEON.LTR.BART036925.20201104","OK","NEON.LTR.BART036925.20201104.LVS","NEON.DOC.001710vH","Y","Leaves",27.8600,"N",,
"0bd86319-e2f3-4cd1-8230-f31d5aa05332","BART_041.basePlot.ltr","D01","BART","BART_041","BART_041_292","2020-11-20","2020-10-18","2020-11-04","LTR.2020.BART.10","2020-11-12T22:51Z","2020-11-19T13:53Z","NEON.LTR.BART041292.20201104","OK","NEON.LTR.BART041292.20201104.TWI","NEON.DOC.001710vH","Y","Twigs/branches",0.3500,"N",,
"fe6fc0c3-1400-44ba-b526-4c44aa42210f","BART_037.basePlot.ltr","D01","BART","BART_037","BART_037_158","2020-11-20","2020-10-18","2020-11-04","LTR.2020.BART.10","2020-11-12T22:51Z","2020-11-19T20:34Z","NEON.LTR.BART037158.20201104","OK","NEON.LTR.BART037158.20201104.OTH","NEON.DOC.001710vH","Y","Other",0.0000,"N",,
"ca1877dc-22f6-4a59-8fd7-04cf4cb8c1ae","BART_032.basePlot.ltr","D01","BART","BART_032","BART_032_293","2020-11-20","2020-10-18","2020-11-04","LTR.2020.BART.10","2020-11-12T22:51Z","2020-11-19T14:15Z","NEON.LTR.BART032293.20201104","OK","NEON.LTR.BART032293.20201104.WDY","NEON.DOC.001710vH","Y","Woody material",0.1200,"N",,
"adbe5f19-ba6d-455b-b45d-d2ca38065480","BART_034.basePlot.ltr","D01","BART","BART_034","BART_034_084","2020-11-20","2020-10-18","2020-11-04","LTR.2020.BART.10","2020-11-12T22:51Z","2020-11-19T12:45Z","NEON.LTR.BART034084.20201104","OK","NEON.LTR.BART034084.20201104.TWI","NEON.DOC.001710vH","Y","Twigs/branches",0.6500,"N",,
"bf551bc1-1046-4455-a7bb-60e766d025a5","BART_033.basePlot.ltr","D01","BART","BART_033","BART_033_453","2020-11-20","2020-10-18","2020-11-04","LTR.2020.BART.10","2020-11-12T22:51Z","2020-11-19T18:58Z","NEON.LTR.BART033453.20201104","OK","NEON.LTR.BART033453.20201104.LVS","NEON.DOC.001710vH","Y","Leaves",28.2400,"N",,
"fdad0eef-14af-4e4f-b94b-05b6bfa03edc","BART_040.basePlot.ltr","D01","BART","BART_040","BART_040_158","2020-11-20","2020-10-18","2020-11-04","LTR.2020.BART.10","2020-11-12T22:51Z","2020-11-19T16:13Z","NEON.LTR.BART040158.20201104","OK","NEON.LTR.BART040158.20201104.LVS","NEON.DOC.001710vH","Y","Leaves",19.6900,"N",,
"a7afe5a6-aecc-4b51-917d-21b67b8c6502","BART_037.basePlot.ltr","D01","BART","BART_037","BART_037_158","2020-11-20","2020-10-18","2020-11-04","LTR.2020.BART.10","2020-11-12T22:51Z","2020-11-19T20:34Z","NEON.LTR.BART037158.20201104","OK","NEON.LTR.BART037158.20201104.FLR","NEON.DOC.001710vH","Y","Flowers",0.0000,"N",,
"3dec069b-f8af-4622-9b2e-48c9a851f50c","BART_032.basePlot.ltr","D01","BART","BART_032","BART_032_662","2020-11-20","2020-10-18","2020-11-04","LTR.2020.BART.10","2020-11-12T22:51Z","2020-11-19T18:10Z","NEON.LTR.BART032662.20201104","OK","NEON.LTR.BART032662.20201104.OTH","NEON.DOC.001710vH","Y","Other",0.1500,"N",,
"c8bde9c7-fb0e-479b-8ab2-b621fa07298f","BART_040.basePlot.ltr","D01","BART","BART_040","BART_040_884","2020-11-20","2020-10-18","2020-11-04","LTR.2020.BART.10","2020-11-12T22:51Z","2020-11-19T14:03Z","NEON.LTR.BART040884.20201104","OK","NEON.LTR.BART040884.20201104.WDY","NEON.DOC.001710vH","Y","Woody material",0.0050,"N",,
"e584eb60-213c-466a-87ee-5294fb5524f8","BART_034.basePlot.ltr","D01","BART","BART_034","BART_034_084","2020-11-20","2020-10-18","2020-11-04","LTR.2020.BART.10","2020-11-12T22:51Z","2020-11-19T18:55Z","NEON.LTR.BART034084.20201104","OK","NEON.LTR.BART034084.20201104.FLR","NEON.DOC.001710vH","Y","Flowers",0.0050,"N",,
"9f430952-76da-4cb1-bcc0-aeb93242193b","BART_037.basePlot.ltr","D01","BART","BART_037","BART_037_884","2020-11-20","2020-10-18","2020-11-04","LTR.2020.BART.10","2020-11-12T22:51Z","2020-11-19T20:00Z","NEON.LTR.BART037884.20201104","OK","NEON.LTR.BART037884.20201104.FLR","NEON.DOC.001710vH","Y","Flowers",0.0050,"N",,
"115c5af8-6637-4467-81fd-61bb18fd51e0","BART_033.basePlot.ltr","D01","BART","BART_033","BART_033_923","2020-11-20","2020-10-18","2020-11-04","LTR.2020.BART.10","2020-11-12T22:51Z","2020-11-19T13:28Z","NEON.LTR.BART033923.20201104","OK","NEON.LTR.BART033923.20201104.WDY","NEON.DOC.001710vH","Y","Woody material",0.1600,"N",,
"2af71f82-49ea-4612-a20f-ab1566eb77aa","BART_040.basePlot.ltr","D01","BART","BART_040","BART_040_158","2020-11-20","2020-10-18","2020-11-04","LTR.2020.BART.10","2020-11-12T22:51Z","2020-11-19T16:13Z","NEON.LTR.BART040158.20201104","OK","NEON.LTR.BART040158.20201104.NDL","NEON.DOC.001710vH","Y","Needles",0.0800,"N",,
"778eae3e-ef9b-4f20-843b-d760abc88b9f","BART_039.basePlot.ltr","D01","BART","BART_039","BART_039_587","2020-11-20","2020-10-18","2020-11-05","LTR.2020.BART.10","2020-11-12T22:51Z","2020-11-19T19:29Z","NEON.LTR.BART039587.20201105","OK","NEON.LTR.BART039587.20201105.FLR","NEON.DOC.001710vH","Y","Flowers",0.0050,"N",,
"7f6ea965-1908-49ec-ab2d-2e025e933ec8","BART_039.basePlot.ltr","D01","BART","BART_039","BART_039_930","2020-11-20","2020-10-18","2020-11-05","LTR.2020.BART.10","2020-11-12T22:51Z","2020-11-19T18:38Z","NEON.LTR.BART039930.20201105","OK","NEON.LTR.BART039930.20201105.SDS","NEON.DOC.001710vH","Y","Seeds",0.1600,"N",,
"a85bd28b-bb9d-4070-8f6e-f2eb90156540","BART_039.basePlot.ltr","D01","BART","BART_039","BART_039_587","2020-11-20","2020-10-18","2020-11-05","LTR.2020.BART.10","2020-11-12T22:51Z","2020-11-19T14:15Z","NEON.LTR.BART039587.20201105","OK","NEON.LTR.BART039587.20201105.TWI","NEON.DOC.001710vH","Y","Twigs/branches",0.1200,"N",,
"89766f0e-257f-4b40-ac87-c9df3e0a3b7e","BART_039.basePlot.ltr","D01","BART","BART_039","BART_039_587","2020-11-20","2020-10-18","2020-11-05","LTR.2020.BART.10","2020-11-12T22:51Z","2020-11-19T19:29Z","NEON.LTR.BART039587.20201105","OK","NEON.LTR.BART039587.20201105.SDS","NEON.DOC.001710vH","Y","Seeds",0.1500,"N",,
"79c3bfde-2d56-4968-9188-9b9426edbeb6","BART_039.basePlot.ltr","D01","BART","BART_039","BART_039_930","2020-11-20","2020-10-18","2020-11-05","LTR.2020.BART.10","2020-11-12T22:51Z","2020-11-19T18:38Z","NEON.LTR.BART039930.20201105","OK","NEON.LTR.BART039930.20201105.OTH","NEON.DOC.001710vH","Y","Other",0.0100,"N",,
"6c2bf355-2d50-4413-8a2d-e47da34d0e1c","BART_039.basePlot.ltr","D01","BART","BART_039","BART_039_930","2020-11-20","2020-10-18","2020-11-05","LTR.2020.BART.10","2020-11-12T22:51Z","2020-11-19T18:38Z","NEON.LTR.BART039930.20201105","OK","NEON.LTR.BART039930.20201105.MXT","NEON.DOC.001710vH","Y","Mixed",0.2400,"N",,
"733b964f-406a-4b94-b942-913d14e59565","BART_039.basePlot.ltr","D01","BART","BART_039","BART_039_930","2020-11-20","2020-10-18","2020-11-05","LTR.2020.BART.10","2020-11-12T22:51Z","2020-11-19T13:28Z","NEON.LTR.BART039930.20201105","OK","NEON.LTR.BART039930.20201105.WDY","NEON.DOC.001710vH","Y","Woody material",0.1100,"N",,
"c2c949c4-4341-46d9-9f9d-b63a92feb4ef","BART_039.basePlot.ltr","D01","BART","BART_039","BART_039_587","2020-11-20","2020-10-18","2020-11-05","LTR.2020.BART.10","2020-11-12T22:51Z","2020-11-19T19:29Z","NEON.LTR.BART039587.20201105","OK","NEON.LTR.BART039587.20201105.NDL","NEON.DOC.001710vH","Y","Needles",1.1400,"N",,
"9e0633bd-fbec-4bdf-ac05-47aa830df493","BART_039.basePlot.ltr","D01","BART","BART_039","BART_039_587","2020-11-20","2020-10-18","2020-11-05","LTR.2020.BART.10","2020-11-12T22:51Z","2020-11-19T14:15Z","NEON.LTR.BART039587.20201105","OK","NEON.LTR.BART039587.20201105.WDY","NEON.DOC.001710vH","Y","Woody material",1.0200,"N",,
"9db0613e-6500-41a0-b86e-709d6ac4e1a4","BART_039.basePlot.ltr","D01","BART","BART_039","BART_039_930","2020-11-20","2020-10-18","2020-11-05","LTR.2020.BART.10","2020-11-12T22:51Z","2020-11-19T13:28Z","NEON.LTR.BART039930.20201105","OK","NEON.LTR.BART039930.20201105.TWI","NEON.DOC.001710vH","Y","Twigs/branches",0.6800,"N",,
"34533cac-300a-4de6-b6ee-f7db29532f73","BART_039.basePlot.ltr","D01","BART","BART_039","BART_039_930","2020-11-21","2020-10-18","2020-11-05","LTR.2020.BART.10","2020-11-12T22:51Z","2020-11-20T19:18Z","NEON.LTR.BART039930.20201105","OK","NEON.LTR.BART039930.20201105.OTH","NEON.DOC.001710vH","Y","Other",0.0050,"Y",,
"d8f50efa-233e-4f24-9bd1-d1eb8bc46761","BART_039.basePlot.ltr","D01","BART","BART_039","BART_039_587","2020-11-20","2020-10-18","2020-11-05","LTR.2020.BART.10","2020-11-12T22:51Z","2020-11-19T19:29Z","NEON.LTR.BART039587.20201105","OK","NEON.LTR.BART039587.20201105.MXT","NEON.DOC.001710vH","Y","Mixed",0.1500,"N",,
"8d9d0811-09bd-448e-90fb-c8580c75c94a","BART_039.basePlot.ltr","D01","BART","BART_039","BART_039_930","2020-11-20","2020-10-18","2020-11-05","LTR.2020.BART.10","2020-11-12T22:51Z","2020-11-19T18:38Z","NEON.LTR.BART039930.20201105","OK","NEON.LTR.BART039930.20201105.FLR","NEON.DOC.001710vH","Y","Flowers",0.0050,"N",,
"5e509a10-5c5d-4fc9-adba-f8a0dbbd3d62","BART_039.basePlot.ltr","D01","BART","BART_039","BART_039_587","2020-11-20","2020-10-18","2020-11-05","LTR.2020.BART.10","2020-11-12T22:51Z","2020-11-19T19:29Z","NEON.LTR.BART039587.20201105","OK","NEON.LTR.BART039587.20201105.LVS","NEON.DOC.001710vH","Y","Leaves",23.6700,"N",,
"d66cc269-96d4-4a71-a0c1-a74532633ada","BART_039.basePlot.ltr","D01","BART","BART_039","BART_039_930","2020-11-20","2020-10-18","2020-11-05","LTR.2020.BART.10","2020-11-12T22:51Z","2020-11-19T18:38Z","NEON.LTR.BART039930.20201105","OK","NEON.LTR.BART039930.20201105.NDL","NEON.DOC.001710vH","Y","Needles",1.3600,"N",,
"fc4d9a8d-c19f-4137-ac71-58d9569a105f","BART_039.basePlot.ltr","D01","BART","BART_039","BART_039_587","2020-11-20","2020-10-18","2020-11-05","LTR.2020.BART.10","2020-11-12T22:51Z","2020-11-19T19:29Z","NEON.LTR.BART039587.20201105","OK","NEON.LTR.BART039587.20201105.OTH","NEON.DOC.001710vH","Y","Other",0.0000,"N",,
"b7064a68-446e-40b8-a006-ecd294651a5b","BART_039.basePlot.ltr","D01","BART","BART_039","BART_039_930","2020-11-20","2020-10-18","2020-11-05","LTR.2020.BART.10","2020-11-12T22:51Z","2020-11-19T18:38Z","NEON.LTR.BART039930.20201105","OK","NEON.LTR.BART039930.20201105.LVS","NEON.DOC.001710vH","Y","Leaves",23.0400,"N",,
